Name,Email,Address
Forrest Sawyer,orci.luctus@google.ca,582-4364 Massa Ave
Martina Houston,arcu@hotmail.ca,303-3647 Risus. Rd.
Venus Salas,gravida.molestie.arcu@protonmail.org,Ap #211-7831 Velit. Rd.
Olympia Hatfield,eu@icloud.com,564-2340 Phasellus Ave
Zelda Wright,mus.aenean@aol.couk,821-6888 Aliquam Av.
Alexis Tanner,erat.volutpat@aol.net,902-8173 Arcu. St.
Denton Norton,sapien.cursus@google.ca,5851 Neque St.
Kelsie Thompson,pede.blandit@protonmail.net,Ap #382-2067 Erat Road
Murphy Gilbert,metus.eu@protonmail.ca,622-5474 Ullamcorper. Street
Freya Dunn,tempor.arcu@protonmail.edu,Ap #424-6676 Mauris Ave
Idola Powell,vitae@google.couk,"9110 Mauris, St."
Cyrus Hess,nec@google.edu,"P.O. Box 211, 8105 Vitae Rd."
Erica Weiss,nibh.phasellus@aol.net,285-8603 Mauris Ave
Kirk Payne,et.magnis@outlook.ca,Ap #876-1708 Mauris Ave
Henry Kemp,eget.venenatis@protonmail.edu,"P.O. Box 406, 6471 Pede. Av."
Rahim Curtis,maecenas@protonmail.net,Ap #507-2533 Donec Rd.
Jemima Sweet,nulla.interdum@google.ca,Ap #431-1675 Lectus. Street
Daniel Sears,non.lacinia@hotmail.ca,Ap #532-6039 Sit Rd.
Camden Massey,lacus@yahoo.edu,"7378 Elit, Avenue"
Edward Perkins,vivamus.rhoncus@hotmail.couk,776-5433 Consequat St.
Lacey Haney,odio.nam@yahoo.couk,Ap #285-707 Duis Rd.
Lois Slater,ac.orci@outlook.edu,972-1992 Tellus Road
Lavinia Cook,justo.praesent@google.edu,Ap #225-2375 Aliquam Rd.
Ariel Hoover,tincidunt.aliquam@yahoo.ca,909 Etiam Ave
Colton Armstrong,nisi.aenean.eget@outlook.org,Ap #279-9162 Magnis Av.
Sonia Wilder,vel.convallis.in@protonmail.ca,"Ap #351-677 Sem, St."
Joseph Blankenship,tellus.imperdiet@protonmail.net,1622 Cursus Rd.
Harrison Fields,mauris.non@protonmail.net,100-6667 Mauris Avenue
Cailin Kim,sit.amet.faucibus@yahoo.net,165-2780 Aliquam Avenue
Raymond Hunt,quisque.purus@icloud.net,"P.O. Box 492, 3141 Eu, Rd."
Baxter Norris,nunc@outlook.couk,780-6619 Blandit St.
Brendan Rivas,ultrices.sit.amet@protonmail.ca,Ap #815-8422 Dolor Ave
Addison Nolan,mus.proin.vel@google.edu,199-9959 Nibh. St.
Bradley Golden,risus@icloud.edu,Ap #915-7547 Nunc Avenue
Avye William,ultrices.a@protonmail.org,"P.O. Box 946, 7822 Dictum Av."
Ray Rodriquez,blandit.nam.nulla@icloud.net,"Ap #939-2775 Cursus, St."
Judith Frederick,eget@yahoo.couk,"P.O. Box 480, 5811 Nisi Road"
Uma Webster,proin.non.massa@yahoo.edu,518-8216 Turpis. Avenue
Galena Hays,magna@yahoo.ca,366-3139 Nisl Av.
Price Hendricks,lacinia@outlook.net,516-5862 At St.
Imogene Duffy,donec.luctus@icloud.net,Ap #781-1651 Mauris Av.
Hamilton Mullen,vivamus@hotmail.com,"P.O. Box 886, 8232 Rhoncus. Road"
Raphael Alvarado,nonummy.fusce@outlook.couk,"Ap #502-662 Non, Rd."
Nathan Benton,facilisi.sed@outlook.edu,"P.O. Box 175, 2604 Enim Rd."
Caesar Webster,iaculis.aliquet@aol.org,568-3255 Suspendisse Av.
Yeo Crosby,odio.sagittis@icloud.ca,696-590 Pharetra. Rd.
Indira Farrell,feugiat@google.net,421-4573 Fusce Street
Ralph Patel,nibh.enim@aol.edu,Ap #976-4885 Auctor St.
Robert Mccullough,dui.cras@outlook.couk,Ap #356-128 Sed Street
Paloma Pittman,donec.egestas@aol.ca,1340 Aliquet. Rd.
